id,stop_id
250mN300075E444725,['de:09472:23348:0:1']
250mN300100E444725,['de:09472:23348:0:2']
250mN300125E444275,"['de:09472:23341:0:1', 'de:09472:23341:0:2']"
250mN300150E444750,"['de:09472:23352:0:1', 'de:09472:23352:0:2']"
250mN300250E444850,"['de:09475:9107:0:1', 'de:09475:9107:0:2']"
250mN300325E444900,"['de:09475:9106:0:1', 'de:09475:9106:0:2']"
250mN300350E445325,"['de:09475:11686:0:1', 'de:09475:11686:0:2']"
250mN300400E445125,"['de:09475:9104:0:1', 'de:09475:9104:0:2']"
250mN300400E445400,"['de:09475:9085:0:1', 'de:09475:9085:0:2']"
250mN300425E445075,"['de:09475:9105:0:1', 'de:09475:9105:0:2']"
250mN300425E445100,"['de:09475:9082:0:1', 'de:09475:9082:0:2']"
250mN300500E445025,"['de:09475:9103:0:1', 'de:09475:9103:0:2']"
250mN300500E445875,"['de:09479:2383:0:1', 'de:09479:2383:0:2']"
250mN300550E445000,['de:09475:9120:0:1']
250mN300550E445250,"['de:09475:9084:0:1', 'de:09475:9084:0:2']"
250mN300575E443875,"['de:09477:3683:0:1', 'de:09477:3683:0:2']"
250mN300575E445000,"['de:09475:9102:0:1', 'de:09475:9102:0:2']"
250mN300575E445925,['de:09479:83558:0:2']
250mN300575E445950,['de:09479:2382:0:1']
250mN300575E445975,['de:09479:2382:0:2']
250mN300575E446000,['de:09479:83557:0:1']
250mN300600E443800,"['de:09477:5526:0:1', 'de:09477:5526:0:2']"
250mN300600E444275,"['de:09475:80741_G', 'de:09475:80741:1:1', 'de:09475:80741:1:3', 'de:09475:80741', 'de:09475:80741:90']"
250mN300600E445000,"['de:09475:9101:0:1', 'de:09475:9101:0:2']"
250mN300600E446000,"['de:09479:11685:0:1', 'de:09479:11685:0:2']"
250mN300600E446025,"['de:09479:9645:0:1', 'de:09479:9645:0:2']"
250mN300625E443775,"['de:09477:3682:0:1', 'de:09477:3682:0:2']"
250mN300625E444900,"['de:09475:11829:0:1', 'de:09475:11829:0:2']"
250mN300625E445300,"['de:09475:9083:0:1', 'de:09475:9083:0:2']"
250mN300625E445975,['de:09479:83556:0:1']
250mN300625E446000,['de:09479:9642:0:1']
250mN300625E446025,['de:09479:9642:0:2']
250mN300650E446000,['de:09479:83559:0:1']
250mN300650E446050,"['de:09479:9039:0:1', 'de:09479:9039:0:2']"
250mN300675E445075,['de:09475:9078:0:2']
250mN300675E445975,"['de:09479:9644:0:1', 'de:09479:9644:0:2', 'de:09479:9647:0:1', 'de:09479:9647:0:2']"
250mN300700E443625,"['de:09477:3681:0:1', 'de:09477:3681:0:2']"
250mN300700E445075,['de:09475:9078:0:1']
250mN300700E445225,"['de:09475:9079:0:1', 'de:09475:9079:0:2']"
250mN300700E445250,"['de:09475:9080:0:1', 'de:09475:9080:0:2']"
250mN300725E443975,"['de:09475:12987:0:1', 'de:09475:12987:0:2']"
250mN300725E446200,"['de:09479:2381:0:1', 'de:09479:2381:0:2']"
250mN300750E443750,"['de:09477:3684:0:1', 'de:09477:3684:0:2']"
250mN300750E443775,"['de:09477:3779:0:1', 'de:09477:3779:0:2']"
250mN300750E446275,['de:09479:9643:92']
250mN300775E443750,"['de:09477:3685:0:2', 'de:09477:3685:0:2_G']"
250mN300775E443850,"['de:09475:15218:0:1', 'de:09475:15218:0:2']"
250mN300775E446275,"['de:09479:2380:0:1', 'de:09479:2380:0:2', 'de:09479:9643:1:1', 'de:09479:9643:2:2', 'de:09479:9643:30:1', 'de:09479:9643:30:2', 'de:09479:9643:90', 'de:09479:9643:91', 'de:09479:9643:93', 'de:09479:9643', '000010098705', '000010098706']"
250mN300800E443750,"['de:09477:3685:0:1', 'de:09477:3685:0:1_G']"
250mN300825E443750,"['de:09477:3686:0:1', 'de:09477:3686:0:2', 'de:09477:3686:0:1_G', 'de:09477:3686:0:2_G']"
250mN300850E444975,"['de:09475:9077:0:1', 'de:09475:9077:0:2']"
250mN300875E443650,"['de:09477:3674:0:1', 'de:09477:3674:0:2']"
250mN300875E444925,"['de:09475:9076:0:1', 'de:09475:9076:0:2']"
250mN300900E444125,"['de:09475:12964:0:1', 'de:09475:12964:0:2']"
250mN300900E444150,"['de:09475:12936:0:1', 'de:09475:12936:0:2']"
250mN300900E446200,"['de:09479:15742:0:1', 'de:09479:15742:0:2']"
250mN300900E446250,"['de:09479:15741:0:1', 'de:09479:15741:0:2']"
250mN300925E443675,['de:09477:3825:0:1']
250mN300925E443700,"['de:09477:3687:0:1', 'de:09477:3687:0:2', 'de:09477:3687:0:1_G', 'de:09477:3687:0:2_G']"
250mN300925E444250,"['de:09475:12968:0:1', 'de:09475:12968:0:2']"
250mN300925E445975,"['de:09479:9641:0:1', 'de:09479:9641:0:2']"
250mN300950E444875,"['de:09475:9075:0:1', 'de:09475:9075:0:2']"
250mN300975E444325,"['de:09475:15217:0:1', 'de:09475:15217:0:2']"
250mN300975E445275,"['de:09475:9081:0:1', 'de:09475:9081:0:2']"
250mN301000E444875,"['de:09475:9060:1:1', 'de:09475:9060:2:2', 'de:09475:9060:2:3', 'de:09475:9060:30:3', 'de:09475:9060:30:4', 'de:09475:9060:70', 'de:09475:9060:81', 'de:09475:9060:82', 'de:09475:9060:90', 'de:09475:9119:0:1', 'de:09475:9119:0:2', 'de:09475:9060_G', 'de:09475:9060', '000010100708', '000010100709']"
250mN301000E444950,"['de:09475:9061:0:1', 'de:09475:9061:0:2']"
250mN301000E445150,"['de:09475:9121:0:1', 'de:09475:9121:0:2']"
250mN301025E444400,"['de:09475:15216:0:1', 'de:09475:15216:0:2']"
250mN301025E444775,"['de:09475:12941:0:1', 'de:09475:12941:0:2']"
250mN301025E445025,"['de:09475:9090:0:1', 'de:09475:9090:0:2']"
250mN301025E446125,"['de:09479:15743:0:1', 'de:09479:15743:0:2']"
250mN301050E443650,"['de:09477:3688:0:1', 'de:09477:3688:0:2']"
250mN301050E444600,"['de:09475:9058:0:1', 'de:09475:9058:0:2']"
250mN301050E444675,"['de:09475:9059:0:1', 'de:09475:9059:0:2']"
250mN301050E444725,"['de:09475:12944:0:1', 'de:09475:12944:0:2']"
250mN301050E446000,"['de:09479:9640:0:1', 'de:09479:9640:0:2']"
250mN301075E443475,"['de:09477:3689:0:1', 'de:09477:3689:0:2']"
250mN301075E443875,"['de:09477:3705:0:1', 'de:09477:3705:0:2', 'de:09477:3705:0:1_G', 'de:09477:3705:0:2_G']"
250mN301075E444900,"['de:09475:9073:0:1_G', 'de:09475:9073:0:1', 'de:09475:9073:0:2', 'de:09475:9073:0:2_G']"
250mN301075E445275,['de:09475:80470:0:1']
250mN301100E443575,['de:09477:6504:0:1']
250mN301100E444600,"['de:09475:80742:1:1', 'de:09475:80742', 'de:09475:80742:90']"
250mN301100E444925,['de:09475:8840:0:1']
250mN301125E443450,['de:09477:3691:0:1']
250mN301125E443475,['de:09477:3691:0:2']
250mN301125E445325,"['de:09475:8967:0:1', 'de:09475:8967:0:2']"
250mN301125E446000,"['de:09479:15745:0:1', 'de:09479:15745:0:2']"
250mN301125E447000,"['de:09479:9295:0:1_G', 'de:09479:9295:0:2', 'de:09479:9295:0:1']"
250mN301150E444025,"['de:09475:15224:0:1', 'de:09475:15224:0:1_G', 'de:09475:15224:0:2']"
250mN301150E444775,['de:09475:80775:0:1']
250mN301150E446050,['de:09475:15744:0:2']
250mN301150E446075,['de:09475:15744:0:1']
250mN301150E446925,"['de:09479:15774:0:1', 'de:09479:15774:0:2']"
250mN301150E446975,"['de:09479:15773:0:1', 'de:09479:15773:0:2']"
250mN301150E447000,"['de:09479:10074:0:1_G', 'de:09479:10074:0:2', 'de:09479:10074:0:1']"
250mN301150E447025,"['de:09479:9290:0:1_G', 'de:09479:9290:0:2_G', 'de:09479:9290:0:1', 'de:09479:9290:0:2']"
250mN301175E445950,"['de:09475:8823:0:1', 'de:09475:8823:0:2']"
250mN301175E447025,"['de:09479:9289:0:1_G', 'de:09479:9289:0:1']"
250mN301175E447050,"['de:09479:80766:1:1', 'de:09479:80766:2:2', 'de:09479:80766', 'de:09479:80766:90', 'de:09479:80766:2:1', '000010320104', '000010320105']"
250mN301200E443525,"['de:09477:3692:0:1', 'de:09477:3692:0:2']"
250mN301200E444425,['de:09475:9057:0:1']
250mN301200E444450,['de:09475:9057:0:2']
250mN301200E446925,['de:09479:15775:0:2']
250mN301200E446950,"['de:09479:17067:0:2', 'de:09479:15775:0:1']"
250mN301200E446975,"['de:09479:15776:0:1', 'de:09479:15776:0:2', 'de:09479:17067:0:1']"
250mN301200E447025,"['de:09479:9289:0:2_G', 'de:09479:9289:0:2']"
250mN301225E444125,"['de:09475:15225:0:1', 'de:09475:15225:0:1_G', 'de:09475:15225:0:2']"
250mN301225E444425,"['de:09475:80743:1:1', 'de:09475:80743', 'de:09475:80743:90']"
250mN301225E444750,"['de:09475:11688:0:1', 'de:09475:11688:0:2']"
250mN301225E445425,['de:09475:9122:3:2']
250mN301225E445725,"['de:09475:10527:1:1', 'de:09475:10527:2:1', 'de:09475:10527', 'de:09475:10527:91', 'de:09475:10527:92']"
250mN301225E446275,"['de:09475:8832:0:1', 'de:09475:8832:0:2']"
250mN301225E447025,['de:09479:17064:0:1']
250mN301250E444775,['de:09475:80803:0:1']
250mN301250E445425,"['de:09475:9122:1:1', 'de:09475:9122:91', 'de:09475:9122:92', 'de:09475:9122']"
250mN301250E445700,"['de:09475:9123:0:1', 'de:09475:9123:0:2']"
250mN301250E446125,"['de:09475:8824:0:1', 'de:09475:8824:0:2']"
250mN301250E446150,"['de:09475:9294:0:1', 'de:09475:9294:0:2']"
250mN301250E447025,"['de:09479:9285:0:1_G', 'de:09479:9285:0:2_G', 'de:09479:17064:0:2', 'de:09479:9285:0:1', 'de:09479:9285:0:2']"
250mN301275E445425,"['de:09475:9122:2:1', 'de:09475:9122:2:2', 'de:09475:17779:0:1', 'de:09475:17779:0:2', '000010110705', '000010110706']"
250mN301275E445750,"['de:09475:17778:0:1', 'de:09475:17778:0:2']"
250mN301275E447050,['de:09479:17165:0:1']
250mN301275E447250,"['de:09479:17066:0:1', 'de:09479:17066:0:2']"
250mN301300E444175,"['de:09475:9054:0:1_G', 'de:09475:9054:0:2', 'de:09475:9054:0:1']"
250mN301300E444275,"['de:09475:9055:30:1', 'de:09475:9055:30:2', '000010317403', '000010317404']"
250mN301300E444300,"['de:09475:9055:1:1', 'de:09475:9055:90', 'de:09475:9055']"
250mN301300E446000,"['de:09464:8831:0:1', 'de:09464:8831:0:2', 'de:09475:80496:91', 'de:09475:80496:95']"
250mN301325E444350,"['de:09475:9056:0:1', 'de:09475:9056:0:2']"
250mN301325E446000,"['de:09475:80496:1:1', 'de:09475:80496:2:2', 'de:09475:80496', 'de:09475:80496:92', 'de:09475:80496:93', 'de:09475:80496:94', 'de:09475:80496:96']"
250mN301350E443600,"['de:09477:3693:0:1', 'de:09477:3693:0:2']"
250mN301350E445950,"['de:09475:8828:0:1', 'de:09475:8828:0:2', 'de:09475:8829:0:1', 'de:09475:8829:0:2']"
250mN301350E445975,"['de:09475:8827:0:1', 'de:09475:8827:0:2']"
250mN301375E444650,"['de:09475:80804:0:1', 'de:09475:80804:0:2']"
250mN301375E445800,['de:09475:9125:0:1']
250mN301375E445900,"['de:09475:80498_G', 'de:09475:80498:1:1', 'de:09475:80498:2:2', 'de:09475:80498', 'de:09475:80498:30', 'de:09475:80498:90', 'de:09475:80498:91', 'de:09475:80498:92', '000010110105']"
250mN301375E445925,"['de:09475:8821:0:1', 'de:09475:8821:0:2']"
250mN301375E445950,"['de:09475:8834:0:1', 'de:09475:8834:0:2']"
250mN301400E445250,"['de:09475:8837:0:1', 'de:09475:8837:0:2']"
250mN301400E445725,['de:09475:8836:0:2']
250mN301400E445850,"['de:09475:9124:0:1', 'de:09475:9124:0:2']"
250mN301400E445875,"['de:09475:8830:0:1', 'de:09475:8830:0:2']"
250mN301425E444250,"['de:09475:9053:0:1_G', 'de:09475:9053:0:2', 'de:09475:9053:0:1']"
250mN301425E445700,['de:09475:8836:0:1']
250mN301425E445975,"['de:09475:8833:0:1', 'de:09475:8833:0:2']"
250mN301425E446575,"['de:09475:9272:0:1', 'de:09475:9272:0:2']"
250mN301450E443300,"['de:09477:3746:0:1', 'de:09477:3746:0:2']"
250mN301450E443675,"['de:09475:80894:0:1', 'de:09475:80894:0:2']"
250mN301450E444025,"['de:09475:81050:0:1', 'de:09475:81050:0:2']"
250mN301450E445125,"['de:09475:8838:0:1', 'de:09475:8838:0:2']"
250mN301450E446975,"['de:09479:9291:0:1_G', 'de:09479:9291:0:1', 'de:09479:9291:0:2']"
250mN301450E447375,"['de:09475:9269:0:1_G', 'de:09475:9269:0:2_G', 'de:09475:9269:0:1', 'de:09475:9269:0:2']"
250mN301475E443875,"['de:09475:80937:0:1', 'de:09475:80937:0:2']"
250mN301475E443925,"['de:09475:81049:0:1', 'de:09475:81049:0:2']"
250mN301475E444150,"['de:09475:80936:0:1', 'de:09475:80936:0:2']"
250mN301475E444300,"['de:09475:80914:0:1', 'de:09475:80914:0:2', 'de:09475:12928:0:1']"
250mN301475E444375,"['de:09475:9052:30:1', '000010317503']"
250mN301475E444400,"['de:09475:9052:1:1', 'de:09475:9052:30:2', 'de:09475:9052:90', 'de:09475:9052', '000010317504']"
250mN301475E447200,"['de:09475:9268:0:1_G', 'de:09475:9268:0:2_G', 'de:09475:9268:0:1', 'de:09475:9268:0:2']"
250mN301500E443325,"['de:09477:3747:0:1', 'de:09477:3747:0:2']"
250mN301500E443825,"['de:09475:80912:0:1', 'de:09475:80912:0:2']"
250mN301500E444250,"['de:09475:12927:0:1', 'de:09475:12927:0:2']"
250mN301500E444275,"['de:09475:8556:0:1_G', 'de:09475:8556:0:2_G', 'de:09475:8556:0:1', 'de:09475:8556:0:2']"
250mN301500E444325,['de:09475:81876:0:1']
250mN301500E445025,"['de:09475:8839:0:1', 'de:09475:8839:0:2']"
250mN301500E446125,['de:09475:9288:0:1']
250mN301500E446150,['de:09475:9288:0:2']
250mN301500E446675,"['de:09475:9271:0:1', 'de:09475:9271:0:2']"
250mN301525E443650,"['de:09475:80899:0:1', 'de:09475:80899:0:2']"
250mN301525E444325,"['de:09475:9221:0:1_G', 'de:09475:9221:0:2_G', 'de:09475:9221:0:1', 'de:09475:9221:0:2']"
250mN301525E446575,"['de:09475:11393:0:1', 'de:09475:11393:0:2']"
250mN301550E443750,"['de:09475:80901:0:1', 'de:09475:80901:0:2']"
250mN301550E444350,"['de:09475:9051:0:1_G', 'de:09475:9051:0:2_G', 'de:09475:9051:0:1', 'de:09475:9051:0:2']"
250mN301550E444400,"['de:09475:11689:0:1', 'de:09475:11689:0:2']"
250mN301550E446225,"['de:09475:9287:0:1', 'de:09475:9287:0:2']"
250mN301575E443450,"['de:09477:3748:0:1', 'de:09477:3748:0:2']"
250mN301575E443625,"['de:09475:80897:0:1', 'de:09475:80897:0:2']"
250mN301575E446850,"['de:09475:9270:0:1', 'de:09475:9270:0:2']"
250mN301600E443600,"['de:09477:3750:0:1', 'de:09477:3750:0:2']"
250mN301600E444350,"['de:09475:9050:0:1', 'de:09475:9050:0:2']"
250mN301625E443900,"['de:09475:80933:0:1', 'de:09475:80933:0:2']"
250mN301625E444250,"['de:09475:9069:0:1', 'de:09475:9069:0:2']"
250mN301625E445900,"['de:09475:8818:0:1', 'de:09475:8818:0:2']"
250mN301625E446475,['de:09475:9286:0:2']
250mN301625E446500,['de:09475:9286:0:1']
250mN301625E446575,"['de:09475:9284:0:1', 'de:09475:9284:0:2', 'de:09475:83541:0:1', 'de:09475:83541:0:2', 'de:09475:83541:0:1_G', 'de:09475:83541:0:2_G']"
250mN301650E446575,"['de:09475:8835:0:1_G', 'de:09475:8835:0:2_G', 'de:09475:8835:0:1', 'de:09475:8835:0:2']"
250mN301650E446800,"['de:09475:9267:0:1_G', 'de:09475:9267:0:2_G', 'de:09475:9267:0:1', 'de:09475:9267:0:2']"
250mN301675E446650,"['de:09475:9266:0:1_G', 'de:09475:9266:0:2_G', 'de:09475:9266:0:1', 'de:09475:9266:0:2']"
250mN301700E446600,"['de:09475:9254:0:1_G', 'de:09475:9254:0:2_G', 'de:09475:9254:0:1', 'de:09475:9254:0:2']"
250mN301725E444175,"['de:09475:9068:0:1', 'de:09475:9068:0:2']"
250mN301725E446575,"['de:09475:9252:1:1', 'de:09475:9252:1:2', 'de:09475:9252:2:1', 'de:09475:9252:2:2', 'de:09475:9252:90', 'de:09475:9252:91', 'de:09475:9252', '000010320004', '000010320005']"
250mN301725E446700,['de:09475:83540:0:1']
250mN301750E446275,"['de:09475:9307:1:1', 'de:09475:9307:2:1', 'de:09475:9307:30:1', 'de:09475:9307:30:2', 'de:09475:9307:91', 'de:09475:9307:92', 'de:09475:9307', '000010319905', '000010319906']"
250mN301775E444050,"['de:09475:9067:0:1', 'de:09475:9067:0:2']"
250mN301775E445875,"['de:09475:8814:0:1', 'de:09475:8814:0:2']"
250mN301775E446625,"['de:09475:80120:0:1', 'de:09475:80120:0:2']"
250mN301800E445875,"['de:09475:8813:0:1', 'de:09475:8813:0:2']"
250mN301800E446525,"['de:09475:7903:0:1', 'de:09475:7903:0:2']"
250mN301800E446725,"['de:09475:9280:0:1', 'de:09475:9280:0:2']"
250mN301825E443775,"['de:09475:15123:0:1', 'de:09475:15123:0:2']"
250mN301825E444225,['de:09475:9066:0:2']
250mN301825E446175,"['de:09475:9306:0:1', 'de:09475:9306:0:2']"
250mN301850E444225,['de:09475:9066:0:1']
250mN301850E445850,['de:09475:8812:0:1']
250mN301850E445875,['de:09475:8812:0:2']
250mN301875E444500,"['de:09475:9048:0:1', 'de:09475:9048:0:2']"
250mN301875E445850,"['de:09475:8815:3:4', 'de:09475:8815:3:5', 'de:09475:8815:4:3', 'de:09475:8815:93']"
250mN301875E445875,"['de:09475:8815:1:2', 'de:09475:8815:2:1', 'de:09475:8815:2:2', 'de:09475:8815:70', 'de:09475:8815:81', 'de:09475:8815:91', 'de:09475:8815:92', 'de:09475:8815_G', 'de:09475:8815', '000010105008', '000010105009']"
250mN301875E445925,"['de:09475:9305:0:1', 'de:09475:9305:0:2']"
250mN301875E446700,"['de:09475:80121:0:1', 'de:09475:80121:0:2']"
250mN301900E443175,"['de:09475:8954:0:1', 'de:09475:8954:0:2']"
250mN301900E445200,['de:09475:9215:0:1']
250mN301900E445225,['de:09475:9215:0:2']
250mN301900E445250,"['de:09475:9214:0:1', 'de:09475:9214:0:2']"
250mN301900E445275,"['de:09475:9213:0:1', 'de:09475:9213:0:2']"
250mN301900E445400,"['de:09475:9212:0:1', 'de:09475:9212:0:2']"
250mN301900E445825,"['de:09475:8811:0:1', 'de:09475:8811:0:2']"
250mN301900E446425,"['de:09475:9250:0:1', 'de:09475:9250:0:2']"
250mN301950E444375,"['de:09475:9065:0:1', 'de:09475:9065:0:2']"
250mN301950E445825,"['de:09475:8810:0:1', 'de:09475:8810:0:2']"
250mN301950E446325,"['de:09475:9249:0:1', 'de:09475:9249:0:2']"
250mN301975E443325,"['de:09475:8953:0:1', 'de:09475:8953:0:2']"
250mN301975E444500,"['de:09475:9047:0:1', 'de:09475:9047:0:2']"
250mN301975E444525,"['de:09475:9220:0:1', 'de:09475:9220:0:2']"
250mN301975E444675,"['de:09475:9219:0:1', 'de:09475:9219:0:2']"
250mN301975E447225,"['de:09475:9275:0:1', 'de:09475:9275:0:2']"
250mN302000E443650,"['de:09475:8861:0:1', 'de:09475:8861:0:2']"
250mN302000E443675,"['de:09475:786:0:1', 'de:09475:786:0:2']"
250mN302000E444525,"['de:09475:11690:0:1', 'de:09475:11690:0:2']"
250mN302025E443075,['de:09476:16339:0:1']
250mN302025E443425,['de:09475:8952:0:2']
250mN302025E443775,"['de:09475:8949:0:1_G', 'de:09475:8949:0:2_G', 'de:09475:8949:0:1', 'de:09475:8949:0:2']"
250mN302025E443925,"['de:09475:8948:0:1_G', 'de:09475:8948:0:2_G', 'de:09475:8948:0:1', 'de:09475:8948:0:2']"
250mN302025E445000,"['de:09475:9216:0:1', 'de:09475:9216:0:2']"
250mN302025E446225,"['de:09475:9242:0:1', 'de:09475:9242:0:2']"
250mN302050E443100,['de:09476:16340:0:1']
250mN302050E443200,['de:09476:6265:0:1']
250mN302050E443425,['de:09475:8952:0:1']
250mN302050E443675,"['de:09475:8860:0:1', 'de:09475:8860:0:2', 'de:09475:8909:0:1', 'de:09475:8909:0:2']"
250mN302050E444475,"['de:09475:9046:0:1', 'de:09475:9046:0:2']"
250mN302050E445950,"['de:09475:8825:0:1', 'de:09475:8825:0:2', 'de:09475:9243:0:1', 'de:09475:9243:0:2']"
250mN302050E447000,"['de:09475:9279:0:1', 'de:09475:9279:0:2']"
250mN302075E443475,"['de:09475:8951:0:1', 'de:09475:8951:0:2']"
250mN302075E443700,"['de:09475:81056:0:1', 'de:09475:81056:0:2']"
250mN302075E444800,['de:09475:9218:0:1']
250mN302075E444825,['de:09475:9218:0:2']
250mN302075E445100,"['de:09475:9223:0:1', 'de:09475:9223:0:2']"
250mN302075E445550,"['de:09464:99003:0:1', 'de:09464:99003:0:2']"
250mN302075E445800,['de:09464:99010:0:1']
250mN302075E445950,"['de:09475:9244:0:1', 'de:09475:9244:0:2']"
250mN302075E446425,"['de:09475:9251:0:1', 'de:09475:9251:0:2']"
250mN302100E443150,['de:09476:16341:0:1']
250mN302100E443525,"['de:09475:8950:0:1', 'de:09475:8950:0:2']"
250mN302100E444875,['de:09475:9217:0:2']
250mN302100E444900,['de:09475:9217:0:1']
250mN302100E445725,['de:09464:143:0:2']
250mN302100E445775,['de:09464:1030:0:3']
250mN302100E445800,['de:09464:99010:0:2']
250mN302100E445850,['de:09464:1040:0:1']
250mN302100E445950,['de:09475:17400:0:1']
250mN302125E443950,"['de:09475:7970:0:1', 'de:09475:7970:0:2']"
250mN302125E444075,"['de:09475:8944:0:1', 'de:09475:8944:0:2']"
250mN302125E445750,['de:09464:200:0:1']
250mN302125E445800,"['de:09464:144:0:1', 'de:09464:144:0:2']"
250mN302125E446700,"['de:09475:80122:0:1', 'de:09475:80122:0:2']"
250mN302125E447200,"['de:09475:9276:0:1', 'de:09475:9276:0:2', 'de:09475:9277:0:1', 'de:09475:9277:0:2']"
250mN302150E443675,"['de:09475:8859:0:1', 'de:09475:8859:0:2']"
250mN302150E443700,"['de:09475:8947:0:1', 'de:09475:8947:0:2']"
250mN302150E445775,['de:09464:27:0:2']
250mN302150E445800,['de:09464:1007:0:2']
250mN302150E445950,"['de:09475:9292:0:1', 'de:09475:9292:0:2', 'de:09475:9292:0:3']"
250mN302150E447100,"['de:09475:9278:0:1', 'de:09475:9278:0:2']"
250mN302175E445625,['de:09464:119:0:1']
250mN302175E445725,['de:09464:129:0:1']
250mN302175E445775,"['de:09464:26:0:3', 'de:09464:920:0:1']"
250mN302175E445800,"['de:09464:26:0:1', 'de:09464:26:0:2']"
250mN302175E445825,"['de:09464:133:0:1', 'de:09464:133:0:2', 'de:09464:133:0:1_G', 'de:09464:133:0:2_G']"
250mN302200E444150,"['de:09475:7969:0:1', 'de:09475:7969:0:2', 'de:09475:8943:0:1', 'de:09475:8943:0:2']"
250mN302200E445575,['de:09464:55:0:1']
250mN302200E445600,"['de:09464:56:0:1', 'de:09464:56:0:2']"
250mN302200E445625,['de:09464:119:0:2']
250mN302200E445675,"['de:09464:120:0:1', 'de:09464:120:0:2', 'de:09464:120:0:1_G', 'de:09464:120:0:2_G']"
250mN302200E445750,"['de:09464:25:0:1', 'de:09464:25:0:2', 'de:09464:25:0:2_G']"
250mN302200E445825,['de:09464:134:0:2']
250mN302200E445900,"['de:09475:9245:0:1', 'de:09475:9245:0:2', 'de:09475:9245:0:3']"
250mN302200E446025,"['de:09475:9241:0:1', 'de:09475:9241:0:2']"
250mN302225E444500,"['de:09475:9045:0:1', 'de:09475:9045:0:2']"
250mN302225E445550,['de:09464:54:0:1']
250mN302225E445600,"['de:09464:118:0:1', 'de:09464:118:0:2']"
250mN302225E445625,['de:09464:117:0:1']
250mN302225E445650,['de:09464:117:0:2']
250mN302225E445775,"['de:09464:24:0:1', 'de:09464:24:0:2']"
250mN302225E445825,['de:09464:134:0:1']
250mN302225E445900,"['de:09475:9293:0:1', 'de:09475:9293:0:2']"
250mN302225E445975,"['de:09475:9247:0:1', 'de:09475:9247:0:2']"
250mN302225E446075,"['de:09475:9240:0:1', 'de:09475:9240:0:2']"
250mN302225E447150,['de:09475:9283:0:1']
250mN302250E443975,"['de:09475:8858:0:1', 'de:09475:8858:0:2']"
250mN302250E445550,['de:09464:153:0:1']
250mN302250E445600,['de:09464:57:0:1']
250mN302250E445700,"['de:09464:116:0:1', 'de:09464:116:0:2']"
250mN302250E445800,"['de:09464:23:0:1', 'de:09464:23:0:2']"
250mN302250E445850,"['de:09464:135:0:1', 'de:09464:135:0:2']"
250mN302250E446125,"['de:09475:15259:0:1', 'de:09475:15259:0:2']"
250mN302250E446675,"['de:09475:80132:0:1', 'de:09475:80123:0:1']"
250mN302250E447150,"['de:09475:9282:0:1', 'de:09475:9282:0:2']"
250mN302275E443825,"['de:09475:8946:0:1', 'de:09475:8946:0:2']"
250mN302275E443850,"['de:09475:17401:0:1', 'de:09475:17401:0:2']"
250mN302275E445575,['de:09464:53:0:1']
250mN302275E445650,"['de:09464:58:0:1', 'de:09464:59:0:1']"
250mN302275E445725,"['de:09464:115:0:1', 'de:09464:115:0:2']"
250mN302275E445800,['de:09464:136:0:1']
250mN302275E445825,"['de:09464:22:0:3', 'de:09464:22:0:6', 'de:09464:22:0:3_G', 'de:09464:22:0:2']"
250mN302275E446050,"['de:09475:9238:0:1', 'de:09475:9238:0:2']"
250mN302275E446100,"['de:09475:9239:0:1', 'de:09475:9239:0:2']"
250mN302300E443000,['de:09476:16136:0:1']
250mN302300E444225,"['de:09475:8941:0:1', 'de:09475:8941:0:2']"
250mN302300E445600,['de:09464:52:0:1']
250mN302300E445650,['de:09464:51:0:W']
250mN302300E445675,['de:09464:51:0:N']
250mN302300E445725,"['de:09464:114:0:N', 'de:09464:114:0:S', 'de:09464:114:0:N_G', 'de:09464:114:0:S_G']"
250mN302300E445750,['de:09464:180:0:2']
250mN302300E445800,['de:09464:136:0:2']
250mN302300E446650,"['de:09475:80124:0:1', 'de:09475:80124:0:2']"
250mN302325E444200,['de:09475:15262:0:1']
250mN302325E445275,"['de:09464:1400:0:1', 'de:09464:1400:0:1_G']"
250mN302325E445300,['de:09464:1300:0:1']
250mN302325E445450,['de:09464:74:0:1']
250mN302325E445525,"['de:09464:87:0:2', 'de:09464:87:0:3']"
250mN302325E445550,['de:09464:87:0:1']
250mN302325E445625,"['de:09464:1200:0:1', 'de:09464:1200:0:3', 'de:09464:1200:0:5', 'de:09464:1200:0:1_G', 'de:09464:1200:0:2']"
250mN302325E445700,"['de:09464:113:0:1', 'de:09464:113:0:2']"
250mN302325E445750,['de:09464:180:0:1']
250mN302325E445800,"['de:09464:19:1:1a', 'de:09464:19:2:6a', 'de:09464:19:3:10a', 'de:09464:19:3:8a']"
250mN302325E445975,"['de:09475:17078:0:1', 'de:09475:17078:0:2']"
250mN302325E446625,"['de:09475:80126:0:1', 'de:09475:80126:0:2']"
250mN302325E446650,"['de:09475:80125:0:1', 'de:09475:80125:0:2']"
250mN302325E447075,['de:09475:9281:0:1']
250mN302350E444725,"['de:09475:80746:1:1', 'de:09475:80746', 'de:09475:80746:90']"
250mN302350E445425,['de:09464:73:0:3']
250mN302350E445450,['de:09464:73:0:2']
250mN302350E445575,"['de:09464:88:0:1', 'de:09464:88:0:2']"
250mN302350E445650,"['de:09464:49:0:1', 'de:09464:49:0:2']"
250mN302350E445675,"['de:09464:50:0:1', 'de:09464:50:0:2']"
250mN302350E445700,"['de:09464:137:0:N', 'de:09464:137:0:S', 'de:09464:137:0:3', 'de:09464:137:0:N_G', 'de:09464:137:0:S_G']"
250mN302350E445775,"['de:09464:19:1:1b', 'de:09464:19:1:2b', 'de:09464:19:2:4b', 'de:09464:19:2:6b', 'de:09464:19:3:10b', 'de:09464:19:3:8b', 'de:09464:19:70', 'de:09464:19:81', 'de:09464:19:82', 'de:09464:19:92', 'de:09464:19_G', 'de:09464:19']"
250mN302350E445800,"['de:09464:19:1:2', 'de:09464:19:1:2a', 'de:09464:19:2:4', 'de:09464:19:2:4a', 'de:09464:19:2:6', 'de:09464:19:3:10', 'de:09464:19:3:8', 'de:09464:19:30:1', 'de:09464:19:30:10', 'de:09464:19:30:11', 'de:09464:19:30:12', 'de:09464:19:30:2', 'de:09464:19:30:3', 'de:09464:19:30:4', 'de:09464:19:30:5', 'de:09464:19:30:6', 'de:09464:19:30:7', 'de:09464:19:30:8', 'de:09464:19:30:9', 'de:09464:19:80', 'de:09464:19:90', 'de:09464:19:91', 'de:09464:942:0:1', 'de:09464:942:0:2', 'de:09464:19_G_G', '000010096621', '000010096622', '000010096623', '000010096624', '000010096625', '000010096626', '000010096627', '000010096628', '000010096629', '000010096630', '000010096631', '000010096632']"
250mN302350E445825,['de:09464:21:0:1']
250mN302350E445875,"['de:09464:99012:0:1', 'de:09464:99012:0:2']"
250mN302350E445925,"['de:09464:95:0:1', 'de:09464:95:0:2', 'de:09464:95:0:1_G']"
250mN302350E446850,"['de:09475:80128:0:1', 'de:09475:80128:0:2']"
250mN302375E444100,"['de:09475:8857:0:1', 'de:09475:8857:0:2']"
250mN302375E444525,"['de:09475:11691:0:1', 'de:09475:11691:0:2']"
250mN302375E445450,"['de:09464:72:0:1', 'de:09464:72:0:2', 'de:09464:72:0:1_G', 'de:09464:72:0:2_G']"
250mN302375E445475,['de:09464:75:0:1']
250mN302375E445600,"['de:09464:89:0:1', 'de:09464:89:0:2']"
250mN302375E445625,"['de:09464:90:0:1', 'de:09464:90:0:2']"
250mN302375E445675,"['de:09464:47:0:1', 'de:09464:48:0:1', 'de:09464:48:0:2']"
250mN302375E445700,['de:09464:112:0:N']
250mN302375E445725,['de:09464:990:0:1']
250mN302375E445750,"['de:09464:17:0:1', 'de:09464:17:0:2', 'de:09464:18:0:1', 'de:09464:18:0:2', 'de:09464:17:0:1_G_G', 'de:09464:17:0:2_G', 'de:09464:18:0:1_G', 'de:09464:18:0:2_G', 'de:09464:17:0:1_G_G_G', 'de:09464:17:0:2_G_G', 'de:09464:18:0:1_G_G', 'de:09464:18:0:2_G_G', 'de:09464:17:0:1_G']"
250mN302375E445775,"['de:09464:43:0:1', 'de:09464:43:0:2', 'de:09464:43:0:1_G']"
250mN302375E445900,"['de:09464:94:0:1', 'de:09464:94:0:2', 'de:09464:97:0:1', 'de:09464:94:0:1_G', 'de:09464:94:0:2_G']"
250mN302375E445925,['de:09464:96:0:1']
250mN302375E446950,"['de:09475:80129:0:1', 'de:09475:80129:0:2']"
250mN302400E444100,['de:09475:9988:0:1']
250mN302400E444525,"['de:09475:8852:1:3', 'de:09475:8852:1:4']"
250mN302400E444550,"['de:09475:8852:30:1', 'de:09475:8852:30:2', 'de:09475:8852:80', 'de:09475:8852:90', 'de:09475:8852_G', 'de:09475:8852', '000010318104', '000010318105']"
250mN302400E445500,"['de:09464:76:0:1', 'de:09464:76:0:2']"
250mN302400E445625,"['de:09464:91:0:1', 'de:09464:91:0:2']"
250mN302400E445725,['de:09464:112:0:S']
250mN302400E445750,"['de:09464:154:0:1', 'de:09464:154:0:2', 'de:09464:154:0:1_G']"
250mN302400E445775,"['de:09464:33:0:2', 'de:09464:33:0:2_G_G', 'de:09464:33:0:2_G']"
250mN302400E445825,"['de:09464:92:0:1', 'de:09464:92:0:2']"
250mN302400E445850,"['de:09464:93:0:1', 'de:09464:93:0:2']"
250mN302400E445925,['de:09464:97:0:2']
250mN302425E444100,['de:09475:9988:0:2']
250mN302425E444225,"['de:09475:8940:0:1', 'de:09475:8940:0:2']"
250mN302425E444875,"['de:09475:80747:1:1', 'de:09475:80747', 'de:09475:80747:90', '000010318304', 'D_000010318304']"
250mN302425E445525,"['de:09464:77:0:1', 'de:09464:77:0:2', 'de:09464:77:0:1_G', 'de:09464:77:0:2_G']"
250mN302425E445625,"['de:09464:79:0:1', 'de:09464:79:0:2', 'de:09464:79:0:3']"
250mN302425E445725,"['de:09464:184:0:1', 'de:09464:6200:0:1', 'de:09464:6200:0:1_G']"
250mN302425E445750,"['de:09464:33:0:1', 'de:09464:33:0:1_G_G', 'de:09464:99015:0:1', 'de:09464:33:0:1_G']"
250mN302425E445775,"['de:09464:124:0:1', 'de:09464:124:0:2']"
250mN302425E445800,['de:09464:34:0:1']
250mN302425E445825,['de:09464:35:0:2']
250mN302425E445850,['de:09464:37:0:1']
250mN302425E445875,"['de:09464:38:0:1', 'de:09464:38:0:2']"
250mN302425E446350,['de:09475:80438:0:2']
250mN302450E445600,"['de:09464:78:0:1', 'de:09464:78:0:2', 'de:09464:78:0:1_G', 'de:09464:78:0:2_G']"
250mN302450E445650,"['de:09464:80:0:1', 'de:09464:80:0:2']"
250mN302450E445700,"['de:09464:13:0:1', 'de:09464:81:0:1', 'de:09464:81:0:2', 'de:09464:13:0:1_G', 'de:09464:81:0:2_G', 'de:09464:81:0:1_G', 'de:09464:13:0:1_G_G']"
250mN302450E445725,"['de:09464:184:0:2', 'de:09464:99017:0:1', 'de:09464:99016:0:1', 'de:09464:184:0:2_G']"
250mN302450E445825,"['de:09464:35:0:1', 'de:09464:36:0:1', 'de:09464:36:0:2']"
250mN302450E445850,['de:09464:82:0:1']
250mN302450E446350,['de:09475:80438:0:1']
250mN302475E444175,"['de:09475:2710:0:1', 'de:09475:2710:0:2', 'de:09475:2710:0:1_G']"
250mN302475E444250,"['de:09475:10456:0:1', 'de:09475:10456:0:2']"
250mN302475E444350,"['de:09475:8853:0:1', 'de:09475:8853:0:2']"
250mN302475E445625,"['de:09464:11:0:N', 'de:09464:11:0:S', 'de:09464:11:0:N_G', 'de:09464:11:0:S_G']"
250mN302475E445650,"['de:09464:12:0:1', 'de:09464:12:0:2']"
250mN302475E445725,"['de:09464:14:0:1', 'de:09464:14:0:2', 'de:09464:15:0:1', 'de:09464:15:0:1_G', 'de:09464:14:0:1_G', 'de:09464:14:0:2_G', 'de:09464:14:0:1_G_G', 'de:09464:14:0:2_G_G']"
250mN302475E445750,"['de:09464:60:0:1', 'de:09464:61:0:2', 'de:09464:61:0:2_G', 'de:09464:60:0:2', 'de:09464:60:0:1_G', 'de:09464:61:0:1_G_G']"
250mN302475E445775,"['de:09464:125:0:1', 'de:09464:125:0:2']"
250mN302475E445825,"['de:09464:83:0:1', 'de:09464:83:0:2', 'de:09464:953:0:1', 'de:09464:953:0:2', 'de:09464:953:0:1_G', 'de:09464:953:0:2_G']"
250mN302475E445850,"['de:09464:82:0:2', 'de:09464:1010:0:1', 'de:09464:1010:0:2']"
250mN302475E445900,"['de:09464:40:0:1', 'de:09464:40:0:2']"
250mN302475E446050,"['de:09464:44:0:1', 'de:09464:44:0:2', 'de:09464:44:0:1_G', 'de:09464:44:0:2_G']"
250mN302475E446075,"['de:09464:45:0:2', 'de:09464:46:0:1', 'de:09464:45:0:2_G']"
250mN302475E446675,['de:09475:80131:0:1']
250mN302500E444200,"['de:09475:8856:0:1', 'de:09475:8856:0:2', 'de:09475:8856:0:1_G']"
250mN302500E444250,"['de:09475:2301:0:1', 'de:09475:2301:0:2']"
250mN302500E444775,"['de:09475:9177:0:1', 'de:09475:9177:0:2']"
250mN302500E445475,['de:09464:29:0:1']
250mN302500E445550,"['de:09464:32:0:1', 'de:09464:32:0:2']"
250mN302500E445600,"['de:09464:10:0:S', 'de:09464:10:0:W', 'de:09464:9:0:2']"
250mN302500E445650,['de:09464:99001']
250mN302500E445725,"['de:09464:63:0:1', 'de:09464:63:0:2', 'de:09464:64:0:1']"
250mN302500E445750,"['de:09464:61:0:1', 'de:09464:62:0:1', 'de:09464:62:0:2', 'de:09464:62:0:1_G', 'de:09464:62:0:2_G', 'de:09464:61:0:1_G', 'de:09464:62:0:1_G_G', 'de:09464:62:0:2_G_G', 'de:09464:61:0:2_G_G']"
250mN302500E445800,"['de:09464:126:0:1', 'de:09464:126:0:2', 'de:09464:127:0:1', 'de:09464:127:0:2']"
250mN302500E445825,"['de:09464:84:0:NS', 'de:09464:84:0:W', 'de:09464:128:0:1', 'de:09464:128:0:2']"
250mN302500E445850,"['de:09464:84:0:3', 'de:09464:84:0:4']"
250mN302500E445875,"['de:09464:130:0:1', 'de:09464:130:0:2']"
250mN302500E445950,"['de:09464:41:0:1', 'de:09464:41:0:2']"
250mN302500E445975,"['de:09464:152:0:1', 'de:09464:152:0:2']"
250mN302500E446075,['de:09464:45:0:1']
250mN302500E446100,"['de:09464:99005:0:1', 'de:09464:99005:0:2']"
250mN302500E446300,"['de:09475:80127:0:1', 'de:09475:80127:0:2']"
250mN302525E444200,"['de:09475:8935:0:1', 'de:09475:8935:0:2']"
250mN302525E444300,"['de:09475:8854:0:1', 'de:09475:8854:0:2']"
250mN302525E445500,"['de:09464:30:0:1', 'de:09464:30:0:2']"
250mN302525E445525,"['de:09464:31:0:1', 'de:09464:31:0:2']"
250mN302525E445550,['de:09464:7:0:1']
250mN302525E445575,"['de:09464:8:0:N', 'de:09464:8:0:S', 'de:09464:8:0:N_G', 'de:09464:8:0:S_G']"
250mN302525E445600,"['de:09464:9:0:1', 'de:09464:122:0:1', 'de:09464:122:0:2', 'de:09464:9:0:1_G']"
250mN302525E445675,['de:09464:1006:0:1']
250mN302525E445700,['de:09464:69:0:1']
250mN302525E445725,"['de:09464:111:0:1', 'de:09464:111:0:1_G', 'de:09464:111:0:1_G_G', 'de:09464:178:0:2']"
250mN302525E445750,"['de:09464:111:0:2', 'de:09464:111:0:2_G', 'de:09464:111:0:2_G_G']"
250mN302525E445850,"['de:09464:85:0:1', 'de:09464:85:0:2']"
250mN302525E445875,"['de:09464:220:0:1', 'de:09464:220:0:2']"
250mN302525E445900,"['de:09464:86:0:1', 'de:09464:86:0:2']"
250mN302525E445975,['de:09464:42:0:1']
250mN302525E446800,"['de:09475:80130:0:1', 'de:09475:80130:0:2']"
250mN302550E444225,"['de:09475:202:0:1', 'de:09475:202:0:2', 'de:09475:236:0:1', 'de:09475:236:0:2']"
250mN302550E444275,"['de:09475:8855:0:1', 'de:09475:8855:0:2', 'de:09475:8939:1:1', 'de:09475:8939:30:1', 'de:09475:8939:30:2', 'de:09475:8939:30:3', 'de:09475:8939:90', 'de:09475:8939', '000010318003', '000010318004', '000010318005']"
250mN302550E445250,['de:09475:80748']
250mN302550E445550,"['de:09464:6:0:1', 'de:09464:6:0:1_G']"
250mN302550E445600,"['de:09464:123:0:1', 'de:09464:123:0:2']"
250mN302550E445700,"['de:09464:138:0:2', 'de:09464:138:0:2_G', 'de:09464:138:0:1_G_G', 'de:09464:138:0:2_G_G']"
250mN302550E445725,"['de:09464:110:0:1', 'de:09464:110:0:2', 'de:09464:110:0:1_G', 'de:09464:110:0:2_G']"
250mN302575E443550,"['de:09475:9017:0:1', 'de:09475:9017:0:2']"
250mN302575E444800,"['de:09475:9176:0:1', 'de:09475:9176:0:2']"
250mN302575E445250,"['de:09475:80748:1:1', 'de:09475:80748:90']"
250mN302575E445575,"['de:09464:4:0:1', 'de:09464:4:0:2', 'de:09464:5:0:1', 'de:09464:5:0:2']"
250mN302575E445675,['de:09464:68:0:1']
250mN302575E445700,"['de:09464:138:0:1', 'de:09464:138:0:1_G']"
250mN302600E443475,"['de:09475:8985:0:1', 'de:09475:8985:0:2']"
250mN302600E444250,"['de:09475:8919:0:1_G', 'de:09475:8919:0:2_G', 'de:09475:8913:0:1_G', 'de:09475:8919:0:1', 'de:09475:8919:0:2']"
250mN302600E445275,"['de:09475:8847:0:1', 'de:09475:8847:0:2']"
250mN302600E445600,['de:09464:66:0:1']
250mN302600E445625,['de:09464:66:0:2']
250mN302600E445700,"['de:09464:139:0:2', 'de:09464:139:0:1']"
250mN302600E445750,"['de:09464:109:0:2', 'de:09464:109:0:1', 'de:09464:109:0:2_G']"
250mN302625E443425,"['de:09475:8991:0:1', 'de:09475:8991:0:2', 'de:09475:8991:0:1_G']"
250mN302625E443625,"['de:09475:8984:0:1', 'de:09475:8984:0:2']"
250mN302625E444200,"['de:09475:8936:0:1', 'de:09475:8936:0:2']"
250mN302625E444250,['de:09475:8913:0:1']
250mN302625E444275,"['de:09475:8914:0:1', 'de:09475:8914:0:2']"
250mN302625E444475,['de:09475:9179:0:1']
250mN302625E444500,['de:09475:9179:0:2']
250mN302625E445225,"['de:09475:7973:0:1', 'de:09475:7973:0:2', 'de:09475:11465:0:1']"
250mN302625E445575,"['de:09464:3:0:1', 'de:09464:3:0:2']"
250mN302625E445600,['de:09464:67:0:1']
250mN302625E445700,"['de:09464:140:0:1', 'de:09464:140:0:2', 'de:09464:140:0:1_G', 'de:09464:140:0:2_G']"
250mN302625E445825,['de:09464:108:0:2']
250mN302650E443400,['de:09475:8992:0:2']
250mN302650E443650,"['de:09475:8983:0:1', 'de:09475:8983:0:2']"
250mN302650E445575,"['de:09464:2:0:1', 'de:09464:2:0:1_G', 'de:09464:2:0:99']"
250mN302650E445700,"['de:09464:141:0:1', 'de:09464:141:0:2', 'de:09464:141:0:1_G', 'de:09464:141:0:2_G', 'de:09464:141:0:1_G_G', 'de:09464:141:0:2_G_G']"
250mN302650E446850,['de:14523:755:2:1']
250mN302675E443400,"['de:09475:8990:0:1', 'de:09475:8990:0:2', 'de:09475:8992:0:1', 'de:09475:8992:0:1_G']"
250mN302675E444700,"['de:09475:9181:0:1', 'de:09475:9181:0:2']"
250mN302675E445175,"['de:09475:11350:0:1', 'de:09475:11350:0:2']"
250mN302675E445925,['de:09464:107:0:1']
250mN302675E445950,['de:09464:106:0:2']
250mN302675E446700,['de:14523:636:2:1']
250mN302700E443275,"['de:09475:8993:0:1', 'de:09475:8993:0:2', 'de:09475:8993:0:1_G']"
250mN302700E443675,"['de:09475:8982:0:1', 'de:09475:8982:0:2']"
250mN302700E444175,"['de:09475:8920:0:1_G', 'de:09475:8920:0:2_G', 'de:09475:8920:0:1_G_G', 'de:09475:8920:0:2_G_G', 'de:09475:8920:0:1', 'de:09475:8920:0:2']"
250mN302700E444600,"['de:09475:9180:0:1', 'de:09475:9180:0:2']"
250mN302725E443850,"['de:09475:7924:0:1', 'de:09475:7924:0:2', 'de:09475:8981:0:1', 'de:09475:8981:0:2']"
250mN302725E445475,"['de:09464:99013:0:1', 'de:09464:99013:0:2']"
250mN302725E445675,['de:09464:142:0:1']
250mN302750E443200,['de:09475:8994:0:2']
250mN302750E443225,"['de:09475:8994:0:1', 'de:09475:8994:0:1_G']"
250mN302750E444900,"['de:09475:9162:0:1', 'de:09475:9162:0:2']"
250mN302750E445250,['de:09475:15004:0:2']
250mN302750E445400,"['de:09475:8642:0:1', 'de:09475:8642:0:2']"
250mN302750E445650,"['de:09464:316:0:1', 'de:09464:316:0:2']"
250mN302775E443425,"['de:09475:8989:0:1', 'de:09475:8989:0:2', 'de:09475:8989:0:1_G', '000010027201']"
250mN302775E444950,"['de:09475:15170:0:1', 'de:09475:15170:0:2']"
250mN302775E445625,"['de:09464:316:0:1_G', 'de:09464:316:0:2_G']"
250mN302775E446525,"['de:14523:767:2:1', 'de:14523:767:2:2']"
250mN302800E443150,"['de:09475:8995:0:1', 'de:09475:8995:0:2', 'de:09475:8995:0:1_G']"
250mN302800E443925,"['de:09475:8923:0:1_G', 'de:09475:8923:0:2_G', 'de:09475:8923:0:1_G_G', 'de:09475:8923:0:2_G_G', 'de:09475:8923:0:2', 'de:09475:8923:0:1']"
250mN302800E445250,['de:09475:11464:0:2']
250mN302800E445325,"['de:09475:11038:0:1', 'de:09475:11038:0:2']"
250mN302800E446475,"['de:14523:696:2:1', 'de:14523:696:2:2']"
250mN302825E444100,"['de:09475:8922:0:1', 'de:09475:8922:0:2', 'de:09475:80500:1:1', 'de:09475:80500', 'de:09475:80500:90']"
250mN302825E444150,"['de:09475:8921:0:1_G', 'de:09475:8921:0:2_G', 'de:09475:8921:0:1_G_G', 'de:09475:8921:0:2_G_G', 'de:09475:8921:0:1', 'de:09475:8921:0:2']"
250mN302825E444475,['de:09475:8934:0:2']
250mN302850E444075,"['de:09475:8979:0:1', 'de:09475:8979:0:2']"
250mN302850E444475,['de:09475:8934:0:1']
250mN302850E445275,['de:09475:3820:0:1']
250mN302850E445300,['de:09475:3820:0:2']
250mN302850E445925,"['de:09475:9002:0:1', 'de:09475:9002:0:2']"
250mN302875E443700,['de:09475:17476:0:1']
250mN302875E444950,['de:09475:8965:0:2']
250mN302875E444975,['de:09475:8965:0:1']
250mN302875E446400,['de:14523:695:2:2']
250mN302900E443450,"['de:09475:9016:0:1', 'de:09475:9016:0:2']"
250mN302900E443650,"['de:09475:8988:0:1', 'de:09475:8988:0:2', 'de:09475:8988:0:1_G']"
250mN302900E443725,"['de:09475:8987:0:1', 'de:09475:8987:0:2', 'de:09475:8987:0:1_G']"
250mN302900E445625,"['de:09475:9005:0:1', 'de:09475:9005:0:2', 'de:09475:9005:0:1_G', 'de:09475:9005:0:2_G']"
250mN302900E446400,['de:14523:695:2:1']
250mN302925E443750,"['de:09475:8986:0:1', 'de:09475:8986:0:2', 'de:09475:8986:0:1_G']"
250mN302925E443800,"['de:09475:8924:1:1', 'de:09475:8924:30:1', 'de:09475:8924:30:2', 'de:09475:8924:30:3', 'de:09475:8924:90', 'de:09475:8924:91', 'de:09475:8924', 'de:09475:17477:0:1', 'de:09475:17477:0:2', '000010317603', '000010317604', '000010317605']"
250mN302925E444075,"['de:09475:80744:1:1', 'de:09475:80744', 'de:09475:80744:90']"
250mN302925E445625,"['de:09475:9006:0:1_G', 'de:09475:9006:0:2_G']"
250mN302925E445650,"['de:09475:9006:0:1', 'de:09475:9006:0:2']"
250mN302950E443750,"['de:09475:9015:0:1', 'de:09475:9015:0:2']"
250mN302950E444075,"['de:09475:9163:0:1', 'de:09475:9163:0:2']"
250mN302950E444925,"['de:09475:8966:0:1', 'de:09475:8966:0:2']"
250mN302950E445200,"['de:09475:11039:0:1', 'de:09475:11039:0:2']"
250mN302950E445800,"['de:09475:9551:0:1', 'de:09475:9551:0:2']"
250mN302950E445825,"['de:09475:8905:2:1', 'de:09475:8905:2:2', '000012102105', '000012102106']"
250mN302950E445875,"['de:09475:8904:0:1', 'de:09475:8904:0:2']"
250mN302950E445950,"['de:09475:8903:0:1', 'de:09475:8903:0:2']"
250mN302950E445975,"['de:09475:8902:0:1', 'de:09475:8902:0:2']"
250mN302975E443850,"['de:09475:17478:0:1', 'de:09475:17478:0:2']"
250mN302975E444125,"['de:09475:8977:0:1', 'de:09475:8977:0:2']"
250mN302975E445850,"['de:09475:8905:1:1', 'de:09475:8905:3:2', 'de:09475:8905:91', 'de:09475:8905:92', 'de:09475:8905']"
250mN302975E445925,['de:09475:15117:0:1']
250mN302975E446300,['de:14523:824:2:1']
250mN303000E443425,"['de:09475:9012:0:1', 'de:09475:9012:0:2', 'de:09475:9012:0:1_G']"
250mN303000E444200,['de:09475:8976:0:2']
250mN303000E445175,"['de:09475:11095:0:1', 'de:09475:11095:0:2']"
250mN303025E443675,"['de:09475:9014:0:1', 'de:09475:9014:0:2']"
250mN303025E443875,"['de:09475:9194:0:1', 'de:09475:9194:0:2', 'de:09475:9194:0:1_G', 'de:09475:9194:0:2_G']"
250mN303025E444200,['de:09475:8976:0:1']
250mN303025E444800,['de:09475:81891']
250mN303025E444900,"['de:09475:8968:0:1', 'de:09475:8968:0:2']"
250mN303025E444925,"['de:09475:11575:0:1', 'de:09475:11575:0:2']"
250mN303025E445175,"['de:09475:3821:0:1', 'de:09475:3821:0:2']"
250mN303050E443600,"['de:09475:9013:0:1', 'de:09475:9013:0:2']"
250mN303050E444325,"['de:09475:238:0:1', 'de:09475:238:0:2']"
250mN303050E444750,"['de:09475:8964:0:1', 'de:09475:8964:0:2']"
250mN303050E444800,"['de:09475:8969:0:1', 'de:09475:8969:0:2']"
250mN303075E444325,"['de:09475:11975:0:1', 'de:09475:11975:0:2']"
250mN303075E444425,['de:09475:8974:0:2']
250mN303075E444450,['de:09475:8974:0:1']
250mN303100E443975,"['de:09475:9195:0:1', 'de:09475:9195:0:2', 'de:09475:9195:0:1_G', 'de:09475:9195:0:2_G']"
250mN303100E444000,"['de:09475:9164:0:1', 'de:09475:9164:0:2']"
250mN303100E444350,['de:09475:239:0:1']
250mN303100E444725,"['de:09475:8971:0:1', 'de:09475:8971:0:2']"
250mN303100E444750,"['de:09475:10214:0:1', 'de:09475:10214:0:2']"
250mN303100E445300,['de:09475:9008:0:1']
250mN303125E444650,"['de:09475:8972:0:1', 'de:09475:8972:0:2']"
250mN303125E445025,"['de:09475:11043:0:1', 'de:09475:11043:0:2']"
250mN303125E445050,['de:09475:2302:0:2']
250mN303125E445075,['de:09475:2302:0:1']
250mN303125E445525,"['de:09475:9007:0:1', 'de:09475:9007:0:2_G']"
250mN303125E445825,['de:09475:9028:0:1']
250mN303150E444000,"['de:09475:9165:0:1', 'de:09475:9165:0:2', 'de:09475:9165:0:1_G', 'de:09475:9165:0:2_G']"
250mN303150E444200,['de:09475:237:0:1']
250mN303150E444775,['de:09475:11041:0:1']
250mN303150E445525,['de:09475:9007:0:2']
250mN303200E444900,"['de:09475:8925:0:1', 'de:09475:8925:0:2']"
250mN303200E445725,['de:09475:9020:0:1']
250mN303225E444075,['de:09475:2709:0:1_G']
250mN303225E444100,['de:09475:2709:0:1']
250mN303225E444750,"['de:09475:8926:0:1', 'de:09475:8926:0:2']"
250mN303225E445425,"['de:09475:9009:0:2', 'de:09475:9009:0:1', 'de:09475:9009:0:2_G']"
250mN303225E445825,['de:09475:9029:0:1']
250mN303250E444100,"['de:09475:3823:0:1', 'de:09475:3823:0:1_G', 'de:09475:3823:0:2']"
250mN303250E444400,"['de:09475:8932:0:1', 'de:09475:8932:0:2']"
250mN303250E444975,"['de:09475:11040:0:1', 'de:09475:11040:0:2']"
250mN303250E445400,"['de:09475:9010:0:1', 'de:09475:9010:0:2', 'de:09475:9010:0:1_G', 'de:09475:9010:0:2_G']"
250mN303275E445575,"['de:09475:9032:0:1', 'de:09475:9032:0:2']"
250mN303300E443750,"['de:16075:2862181::286218100', 'de:16075:2862181::286218101']"
250mN303300E444400,['de:09475:240:0:1']
250mN303300E444550,"['de:09475:8931:0:1', 'de:09475:8931:0:2']"
250mN303325E444175,['de:09475:1067:0:1']
250mN303325E444375,"['de:09475:308:0:1', 'de:09475:308:0:2']"
250mN303325E444600,"['de:09475:8930:0:1', 'de:09475:8930:0:2']"
250mN303325E444850,['de:09475:11046:0:2']
250mN303350E443850,"['de:16075:2875014::287501400', 'de:16075:2875014::287501401']"
250mN303350E444075,"['de:16075:2865361::286536100', 'de:16075:2865361::286536101']"
250mN303350E444150,"['de:16075:8011206', 'de:16075:2864111::286411100']"
250mN303350E444175,"['de:16075:2862651::286265100', 'de:16075:2862831::286283100']"
250mN303350E444850,"['de:09475:8927:0:1', 'de:09475:8927:0:2', 'de:09475:11046:0:1']"
250mN303350E444900,"['de:09475:11044:0:1', 'de:09475:11044:0:2']"
250mN303350E444975,"['de:09475:11045:0:1', 'de:09475:11045:0:2']"
250mN303375E444150,"['de:16075:2862661::286266100', 'de:16075:2862661::286266101']"
250mN303375E444300,"['de:16075:2862641::286264100', 'de:16075:2862641::286264101']"
250mN303375E445600,['de:09475:9033:0:2']
250mN303375E445625,['de:09475:9033:0:1']
250mN303400E445000,"['de:16075:2860201::286020101', 'de:16075:2860201::286020100']"
250mN303400E445775,['de:09475:9030:0:1']
250mN303425E444725,"['de:09475:8928:0:1', 'de:09475:8928:0:2']"
250mN303425E444975,"['de:16075:2860181::286018100', 'de:16075:2860181::286018101']"
250mN303450E444350,"['de:16075:2862631::286263100', 'de:16075:2862631::286263101']"
250mN303450E444675,"['de:09475:8929:0:1', 'de:09475:8929:0:2']"
250mN303475E444675,['de:16075:2860331::286033100']
250mN303475E445000,"['de:16075:2860171::286017100', 'de:16075:2860171::286017101']"
250mN303500E444975,"['de:16075:2860191::286019100', 'de:16075:2860191::286019101']"
250mN303500E445050,"['de:16075:2860161::286016101', 'de:16075:2860161::286016100']"
250mN303500E445325,"['de:16075:2860241::286024103', 'de:16075:2860241::286024100', 'de:16075:2860241::286024101', 'de:16075:2860241::286024102']"
250mN303525E445125,"['de:16075:2860151::286015100', 'de:16075:2860151::286015101']"
250mN303525E445475,"['de:16075:2860231::286023100', 'de:16075:2860231::286023101']"
250mN303525E445750,"['de:09475:9034:0:1', 'de:09475:9034:0:2']"
